date,month,month_name,day,i
2022-03-27,3,March,27,1
2022-03-28,3,March,28,2
2022-03-29,3,March,29,3
2022-03-30,3,March,30,4
2022-03-31,3,March,31,5
2022-04-01,4,April,1,6
2022-04-02,4,April,2,7
2022-04-03,4,April,3,8
2022-04-04,4,April,4,9
2022-04-05,4,April,5,10
2022-04-06,4,April,6,11
2022-04-07,4,April,7,12
2022-04-08,4,April,8,13
2022-04-09,4,April,9,14
2022-04-10,4,April,10,15
2022-04-11,4,April,11,16
2022-04-12,4,April,12,17
2022-04-13,4,April,13,18
2022-04-14,4,April,14,19
2022-04-15,4,April,15,20
2022-04-16,4,April,16,21
2022-04-17,4,April,17,22
2022-04-18,4,April,18,23
2022-04-19,4,April,19,24
2022-04-20,4,April,20,25
2022-04-21,4,April,21,26
2022-04-22,4,April,22,27
2022-04-23,4,April,23,28
2022-04-24,4,April,24,29
2022-04-25,4,April,25,30
2022-04-26,4,April,26,31
2022-04-27,4,April,27,32
2022-04-28,4,April,28,33
2022-04-29,4,April,29,34
2022-04-30,4,April,30,35
2022-05-01,5,May,1,36
2022-05-02,5,May,2,37
2022-05-03,5,May,3,38
2022-05-04,5,May,4,39
